date,values
1749-07,135.9
1749-08,137.9
1749-09,140.2
1749-10,143.8
1749-11,146.4
1749-12,147.9
1750-01,148.4
1750-02,150.3
1750-03,153.9
1750-04,154.3
1750-05,147
1750-06,139.7
1750-07,138.8
1750-08,136.3
1750-09,131
1750-10,125.7
1750-11,121.5
1750-12,116
1751-01,111.3
1751-02,106.9
1751-03,99.2
1751-04,91.6
1751-05,86.2
1751-06,81.6
1751-07,77
1751-08,75
1751-09,77.3
1751-10,79.2
1751-11,79.4
1751-12,78.5
1752-01,78.6
1752-02,77.3
1752-03,75.5
1752-04,77.3
1752-05,79.6
1752-06,79.9
1752-07,80.3
1752-08,79.7
1752-09,76.7
1752-10,73.4
1752-11,70.3
1752-12,68.1
1753-01,63.6
1753-02,60.4
1753-03,61.1
1753-04,59.7
1753-05,57
1753-06,53.4
1753-07,48.1
1753-08,43
1753-09,37.9
1753-10,33.2
1753-11,30.4
1753-12,29
1754-01,28.5
1754-02,26.4
1754-03,23.2
1754-04,21.7
1754-05,21.2
1754-06,20.5
1754-07,21.1
1754-08,22.3
1754-09,23.3
1754-10,23.1
1754-11,21.2
1754-12,17.9
1755-01,15.3
1755-02,14
1755-03,14
1755-04,14.7
1755-05,14.2
1755-06,14.8
1755-07,16.1
1755-08,16
1755-09,15.6
1755-10,15.7
1755-11,16.8
1755-12,18.5
1756-01,19.1
1756-02,19
1756-03,18.8
1756-04,17.7
1756-05,17.7
1756-06,17.7
1756-07,17.1
1756-08,18.2
1756-09,20.6
1756-10,23.5
1756-11,26.7
1756-12,28.5
1757-01,29.9
1757-02,34.6
1757-03,39.6
1757-04,42.8
1757-05,47.4
1757-06,52.4
1757-07,55.7
1757-08,59.5
1757-09,63.2
1757-10,67.7
1757-11,71.2
1757-12,74
1758-01,77.6
1758-02,78
1758-03,78.7
1758-04,80.7
1758-05,79.5
1758-06,78.7
1758-07,80.1
1758-08,80.3
1758-09,79.6
1758-10,77.6
1758-11,76.1
1758-12,76.6
1759-01,77.4
1759-02,80.2
1759-03,83.5
1759-04,86
1759-05,87.8
1759-06,89
1759-07,91.3
1759-08,93.7
1759-09,96.7
1759-10,99.4
1759-11,101.8
1759-12,103.3
1760-01,104.2
1760-02,105.5
1760-03,104.7
1760-04,103
1760-05,103.3
1760-06,104.5
1760-07,105
1760-08,107.3
1760-09,109.9
1760-10,111.3
1760-11,114.7
1760-12,120.7
1761-01,126.1
1761-02,129.2
1761-03,133
1761-04,138.4
1761-05,143.1
1761-06,144.1
1761-07,141.3
1761-08,138.2
1761-09,134.5
1761-10,131.3
1761-11,125.8
1761-12,119.6
1762-01,113.8
1762-02,108
1762-03,104.2
1762-04,100.6
1762-05,98.4
1762-06,99.7
1762-07,102.8
1762-08,100.8
1762-09,97.2
1762-10,94.5
1762-11,92.1
1762-12,88.8
1763-01,87.3
1763-02,85.9
1763-03,83
1763-04,81.3
1763-05,78.6
1763-06,76.3
1763-07,75.4
1763-08,77.6
1763-09,79.9
1763-10,80.4
1763-11,81.3
1763-12,81.7
1764-01,79.7
1764-02,78.2
1764-03,75.7
1764-04,71.7
1764-05,68
1764-06,63.1
1764-07,58.1
1764-08,53.3
1764-09,49.9
1764-10,48
1764-11,45.4
1764-12,43.1
1765-01,42.2
1765-02,41.9
1765-03,41.1
1765-04,39.2
1765-05,37.4
1765-06,35.7
1765-07,34
1765-08,32.1
1765-09,31.9
1765-10,31.6
1765-11,30.9
1765-12,30.2
1766-01,27.4
1766-02,24
1766-03,21.4
1766-04,19.9
1766-05,18.7
1766-06,18.6
1766-07,20.1
1766-08,22.5
1766-09,24.2
1766-10,26.6
1766-11,28.6
1766-12,30.9
1767-01,34.3
1767-02,38.2
1767-03,43.4
1767-04,48.8
1767-05,54.9
1767-06,60.7
1767-07,64.9
1767-08,69.2
1767-09,71.9
1767-10,72.8
1767-11,76.8
1767-12,83.2
1768-01,88.4
1768-02,92.4
1768-03,96.4
1768-04,101
1768-05,105.8
1768-06,112.4
1768-07,117.8
1768-08,119.1
1768-09,120.2
1768-10,125.2
1768-11,128.7
1768-12,129.6
1769-01,135.4
1769-02,143.7
1769-03,152.5
1769-04,163.2
1769-05,172.8
1769-06,176.8
1769-07,178.9
1769-08,186.4
1769-09,193
1769-10,190.9
1769-11,187.5
1769-12,186.5
1770-01,185.1
1770-02,184.9
1770-03,182.2
1770-04,175.3
1770-05,170.4
1770-06,168.7
1770-07,163.3
1770-08,151.9
1770-09,142.9
1770-10,141.5
1770-11,148.2
1770-12,156.5
1771-01,156.1
1771-02,148.4
1771-03,143.5
1771-04,142.3
1771-05,139.1
1771-06,136.4
1771-07,140.5
1771-08,148.1
1771-09,150.1
1771-10,150.9
1771-11,144.8
1771-12,132.5
1772-01,128.9
1772-02,129.4
1772-03,125.7
1772-04,121.4
1772-05,117.9
1772-06,113
1772-07,107.6
1772-08,100.1
1772-09,97.2
1772-10,94.5
1772-11,90.6
1772-12,88.8
1773-01,83.4
1773-02,76.9
1773-03,72.4
1773-04,67.3
1773-05,62.3
1773-06,59.4
1773-07,57.4
1773-08,59.4
1773-09,62.2
1773-10,63.3
1773-11,64.8
1773-12,65.5
1774-01,64.8
1774-02,63.7
1774-03,61.8
1774-04,59.4
1774-05,56.9
1774-06,53.2
1774-07,48.1
1774-08,40.6
1774-09,33
1774-10,27.7
1774-11,22.1
1774-12,17.7
1775-01,15.4
1775-02,14.4
1775-03,14.1
1775-04,13.2
1775-05,12.5
1775-06,12
1775-07,12.9
1775-08,14.9
1775-09,15.3
1775-10,15.7
1775-11,16.9
1775-12,17.9
1776-01,18.4
1776-02,19.5
1776-03,21.5
1776-04,24.1
1776-05,27.2
1776-06,30.8
1776-07,34.7
1776-08,38
1776-09,42
1776-10,49.4
1776-11,59.3
1776-12,68.4
1777-01,79.2
1777-02,91.8
1777-03,104.9
1777-04,117.1
1777-05,130.2
1777-06,146
1777-07,163.4
1777-08,177.6
1777-09,189.3
1777-10,199.3
1777-11,213.7
1777-12,231.1
1778-01,241.4
1778-02,247.4
1778-03,253.2
1778-04,260.5
1778-05,264.3
1778-06,260.9
1778-07,252.9
1778-08,252.5
1778-09,255.3
1778-10,254.2
1778-11,247.3
1778-12,236.4
1779-01,231.7
1779-02,229.1
1779-03,222.9
1779-04,216.5
1779-05,211.7
1779-06,209.5
1779-07,206.8
1779-08,199
1779-09,192.9
1779-10,188
1779-11,182.3
1779-12,178.2
1780-01,172.5
1780-02,166.7
1780-03,163.7
1780-04,159.2
1780-05,152.2
1780-06,144.9
1780-07,143.3
1780-08,143.7
1780-09,139
1780-10,134
1780-11,131.9
1780-12,132.4
1781-01,132.2
1781-02,130
1781-03,125.6
1781-04,119.2
1781-05,116.3
1781-06,115.1
1781-07,110.4
1781-08,104.7
1781-09,101
1781-10,98
1781-11,92.6
1781-12,85
1782-01,78.3
1782-02,74.2
1782-03,71.5
1782-04,70
1782-05,67.3
1782-06,64.5
1782-07,62.3
1782-08,60.6
1782-09,59.9
1782-10,58.3
1782-11,55.3
1782-12,52.2
1783-01,51
1783-02,49
1783-03,46.2
1783-04,44.1
1783-05,41.9
1783-06,39.4
1783-07,37
1783-08,33.8
1783-09,30.6
1783-10,28.2
1783-11,25.7
1783-12,23.4
1784-01,20.5
1784-02,18
1784-03,16.7
1784-04,16.2
1784-05,16.3
1784-06,16.7
1784-07,16.5
1784-08,16
1784-09,15.9
1784-10,16.2
1784-11,17.6
1784-12,19.8
1785-01,23.1
1785-02,25.9
1785-03,28.1
1785-04,32.4
1785-05,36.7
1785-06,39.2
1785-07,42.3
1785-08,47.2
1785-09,52.6
1785-10,60.1
1785-11,69.9
1785-12,77.2
1786-01,82.7
1786-02,90.8
1786-03,101.1
1786-04,111.2
1786-05,121
1786-06,132.2
1786-07,144.9
1786-08,155.7
1786-09,162.5
1786-10,168.2
1786-11,174
1786-12,179.8
1787-01,185.7
1787-02,192.1
1787-03,198.6
1787-04,204.9
1787-05,209.8
1787-06,215.8
1787-07,220.3
1787-08,222.1
1787-09,227.6
1787-10,230.2
1787-11,227.4
1787-12,229.7
1788-01,234.4
1788-02,235.3
1788-03,234.1
1788-04,231.9
1788-05,227.6
1788-06,221.3
1788-07,216.5
1788-08,214.6
1788-09,212.7
1788-10,212.1
1788-11,213.8
1788-12,212.2
1789-01,208.1
1789-02,204.1
1789-03,199.8
1789-04,194.2
1789-05,193.3
1789-06,196.4
1789-07,196.1
1789-08,195.5
1789-09,194
1789-10,190.3
1789-11,186.1
1789-12,182
1790-01,176.7
1790-02,172.3
1790-03,168.7
1790-04,166
1790-05,162
1790-06,154.1
1790-07,147.7
1790-08,141.1
1790-09,135
1790-10,132.2
1790-11,129.7
1790-12,126.5
1791-01,124.8
1791-02,121.9
1791-03,118.1
1791-04,115.7
1791-05,113.1
1791-06,111.5
1791-07,109.9
1791-08,109.1
1791-09,108.4
1791-10,107.6
1791-11,106.7
1791-12,105.6
1792-01,103.7
1792-02,103.1
1792-03,103.7
1792-04,103
1792-05,102.2
1792-06,100.8
1792-07,99.9
1792-08,99.2
1792-09,98
1792-10,95.9
1792-11,93.7
1792-12,92.3
1793-01,91.9
1793-02,90.1
1793-03,85.5
1793-04,82.2
1793-05,80.5
1793-06,78.9
1793-07,77.4
1793-08,75.9
1793-09,73.9
1793-10,71
1793-11,69.5
1793-12,69.1
1794-01,67.8
1794-02,67.9
1794-03,67.7
1794-04,65.6
1794-05,65.9
1794-06,67.9
1794-07,66.7
1794-08,64.8
1794-09,62.7
1794-10,60.3
1794-11,57.9
1794-12,54.5
1795-01,50.8
1795-02,47.9
1795-03,47.1
1795-04,46.6
1795-05,43
1795-06,37.8
1795-07,35.5
1795-08,34.4
1795-09,33.5
1795-10,34.6
1795-11,34.9
1795-12,33.4
1796-01,33.7
1796-02,33
1796-03,31.6
1796-04,31.4
1796-05,29.6
1796-06,27.6
1796-07,26.2
1796-08,24.3
1796-09,22.1
1796-10,19.4
1796-11,16.5
1796-12,15.9
1797-01,14.6
1797-02,13.3
1797-03,12.8
1797-04,11.6
1797-05,11.1
1797-06,10.8
1797-07,9.8
1797-08,8.9
1797-09,9.5
1797-10,9.9
1797-11,9.2
1797-12,7.9
1798-01,6.8
1798-02,6.3
1798-03,5.9
1798-04,5.3
1798-05,5.4
1798-06,6.3
1798-07,6.7
1798-08,7.3
1798-09,8.6
1798-10,9.7
1798-11,10.8
1798-12,12.1
1799-01,13
1799-02,12.9
1799-03,12.5
1799-04,12.6
1799-05,12.1
1799-06,11.4
1799-07,11.6
1799-08,11.8
1799-09,11
1799-10,9.9
1799-11,9.1
1799-12,9.8
1800-01,12
1800-02,14.6
1800-03,16.8
1800-04,18.1
1800-05,19.2
1800-06,21.9
1800-07,25.5
1800-08,28.3
1800-09,30.8
1800-10,34
1800-11,38.1
1800-12,40.5
1801-01,42
1801-02,44.3
1801-03,47.1
1801-04,50.1
1801-05,53.5
1801-06,56.1
1801-07,58.1
1801-08,60.8
1801-09,62.8
1801-10,64.3
1801-11,65.9
1801-12,67.8
1802-01,69.7
1802-02,71.4
1802-03,73.4
1802-04,75.1
1802-05,75.2
1802-06,74.9
1802-07,75.2
1802-08,75.6
1802-09,75.1
1802-10,73.1
1802-11,72
1802-12,71.3
1803-01,70.6
1803-02,69.5
1803-03,68
1803-04,68.6
1803-05,70.9
1803-06,71.9
1803-07,71.4
1803-08,70.9
1803-09,72
1803-10,75.1
1803-11,76.1
1803-12,75.3
1804-01,73.9
1804-02,73.3
1804-03,74.4
1804-04,75.5
1804-05,76.7
1804-06,78.3
1804-07,80.2
1804-08,81
1804-09,80.9
1804-10,80.3
1804-11,79.8
1804-12,80.5
1805-01,81.5
1805-02,82
1805-03,81.4
1805-04,78.5
1805-05,74.8
1805-06,71.9
1805-07,68.9
1805-08,66.3
1805-09,64
1805-10,62.1
1805-11,60.5
1805-12,58.6
1806-01,57
1806-02,55.4
1806-03,52.8
1806-04,51.2
1806-05,49.9
1806-06,47.8
1806-07,45
1806-08,41.9
1806-09,39.1
1806-10,37.2
1806-11,35.8
1806-12,33.7
1807-01,31.6
1807-02,29.4
1807-03,27.1
1807-04,24.5
1807-05,21.6
1807-06,18.4
1807-07,15.9
1807-08,14.6
1807-09,13.4
1807-10,11.9
1807-11,11.3
1807-12,11.7
1808-01,11.4
1808-02,10.7
1808-03,10.8
1808-04,11
1808-05,11.3
1808-06,12.7
1808-07,14.1
1808-08,14.9
1808-09,15.3
1808-10,14.7
1808-11,13.2
1808-12,12
1809-01,11.1
1809-02,10.1
1809-03,8.8
1809-04,7.7
1809-05,6.7
1809-06,5.1
1809-07,3.7
1809-08,2.6
1809-09,1.9
1809-10,1.6
1809-11,1.3
1809-12,0.7
1810-01,0.1
1810-02,0.1
1811-01,0.5
1811-02,0.9
1811-03,1.1
1811-04,1.7
1811-05,2.2
1811-06,2.3
1811-07,3.1
1811-08,4.1
1811-09,4.2
1811-10,4.3
1811-11,4.4
1811-12,4.5
1812-01,4.2
1812-02,4.9
1812-03,6.1
1812-04,6.2
1812-05,6.5
1812-06,7.6
1812-07,7.5
1812-08,7.3
1812-09,7.9
1812-10,9.2
1812-11,10.6
1812-12,11.6
1813-01,13.6
1813-02,14.3
1813-03,14.5
1813-04,16.9
1813-05,19.1
1813-06,20
1813-07,21.9
1813-08,23.5
1813-09,23.9
1813-10,24.7
1813-11,25.2
1813-12,25.5
1814-01,25.7
1814-02,25.3
1814-03,24.4
1814-04,23.3
1814-05,22.6
1814-06,22.8
1814-07,23
1814-08,24.2
1814-09,27
1814-10,29
1814-11,29.8
1814-12,33
1815-01,37
1815-02,41.3
1815-03,46
1815-04,48.6
1815-05,51.2
1815-06,55.9
1815-07,59.5
1815-08,62.5
1815-09,68.4
1815-10,73.6
1815-11,77.8
1815-12,79.4
1816-01,78.8
1816-02,77.3
1816-03,76.8
1816-04,79.5
1816-05,81.2
1816-06,78.8
1816-07,77.1
1816-08,77
1816-09,77.8
1816-10,77.1
1816-11,73.3
1816-12,71.4
1817-01,71.9
1817-02,74.2
1817-03,75
1817-04,72.1
1817-05,69.3
1817-06,68.5
1817-07,68.3
1817-08,65.8
1817-09,58.4
1817-10,54
1817-11,56.8
1817-12,58.8
1818-01,57
1818-02,54.6
1818-03,52.9
1818-04,52.6
1818-05,51.7
1818-06,50.3
1818-07,50
1818-08,49.7
1818-09,48.1
1818-10,45.6
1818-11,42.3
1818-12,39.9
1819-01,40
1819-02,39.9
1819-03,38.7
1819-04,37.6
1819-05,38.3
1819-06,39.6
1819-07,39
1819-08,38.5
1819-09,38.9
1819-10,38.9
1819-11,39.6
1819-12,38.6
1820-01,36.1
1820-02,35.3
1820-03,34.6
1820-04,32.7
1820-05,30.2
1820-06,27.5
1820-07,26.2
1820-08,24.8
1820-09,23.3
1820-10,22.7
1820-11,20
1820-12,17.5
1821-01,15.6
1821-02,12.9
1821-03,11.4
1821-04,12
1821-05,12.5
1821-06,11.6
1821-07,9.5
1821-08,7.8
1821-09,8.3
1821-10,9.3
1821-11,9.5
1821-12,9.8
1822-01,10.4
1822-02,10.6
1822-03,10.1
1822-04,8.5
1822-05,6.9
1822-06,6.6
1822-07,6.6
1822-08,6.5
1822-09,5.4
1822-10,3.4
1822-11,2.4
1822-12,1.9
1823-01,1
1823-02,0.3
1823-03,0.2
1823-04,0.2
1823-05,0.2
1823-06,1.6
1823-07,4.5
1823-08,6.7
1823-09,7.4
1823-10,8.7
1823-11,10.3
1823-12,10.5
1824-01,10.4
1824-02,10.5
1824-03,12
1824-04,15.2
1824-05,17
1824-06,15.6
1824-07,13.1
1824-08,12.3
1824-09,14.2
1824-10,14.6
1824-11,14.4
1824-12,16.4
1825-01,19.6
1825-02,23.4
1825-03,24.8
1825-04,23.8
1825-05,23.9
1825-06,26.2
1825-07,28.6
1825-08,29.6
1825-09,30.8
1825-10,33.2
1825-11,35.8
1825-12,38.4
1826-01,41.4
1826-02,43.9
1826-03,45.1
1826-04,47.8
1826-05,52.1
1826-06,57.2
1826-07,61.6
1826-08,64.8
1826-09,68.3
1826-10,71.3
1826-11,74.5
1826-12,77.5
1827-01,78.2
1827-02,78.5
1827-03,81.6
1827-04,84.1
1827-05,85
1827-06,84.1
1827-07,83.8
1827-08,86.3
1827-09,88
1827-10,89.5
1827-11,92.9
1827-12,98
1828-01,101.7
1828-02,104.1
1828-03,105.8
1828-04,105.7
1828-05,106.2
1828-06,106.9
1828-07,106.3
1828-08,104.6
1828-09,104
1828-10,106.9
1828-11,107.7
1828-12,104.5
1829-01,105.4
1829-02,108
1829-03,108.3
1829-04,108.6
1829-05,109.5
1829-06,110.9
1829-07,112.3
1829-08,114.5
1829-09,116.9
1829-10,118.5
1829-11,119.2
1829-12,118.6
1830-01,114.7
1830-02,109.5
1830-03,108.3
1830-04,110.9
1830-05,113.7
1830-06,116.4
1830-07,117.9
1830-08,116
1830-09,115.1
1830-10,112.1
1830-11,106.6
1830-12,102.4
1831-01,100.3
1831-02,100.7
1831-03,99.3
1831-04,95
1831-05,89.7
1831-06,83.4
1831-07,78.6
1831-08,77.8
1831-09,75.5
1831-10,70.9
1831-11,69.2
1831-12,69
1832-01,66.4
1832-02,61
1832-03,55.7
1832-04,51.9
1832-05,48.1
1832-06,46
1832-07,44.5
1832-08,40.3
1832-09,34.5
1832-10,29.8
1832-11,26.2
1832-12,22.4
1833-01,20.1
1833-02,19.4
1833-03,19.5
1833-04,18.7
1833-05,17.2
1833-06,15.4
1833-07,13.8
1833-08,13.5
1833-09,13.2
1833-10,12.6
1833-11,12.2
1833-12,12.4
1834-01,13
1834-02,13
1834-03,12.9
1834-04,14.1
1834-05,17
1834-06,20.4
1834-07,22.3
1834-08,22.9
1834-09,24.4
1834-10,29.7
1834-11,36.2
1834-12,40.4
1835-01,45.7
1835-02,53.1
1835-03,63.1
1835-04,74.2
1835-05,83.9
1835-06,91.7
1835-07,100.4
1835-08,111.8
1835-09,123
1835-10,134.1
1835-11,144.5
1835-12,155.6
1836-01,165.9
1836-02,173.2
1836-03,176.2
1836-04,178.7
1836-05,183.1
1836-06,193.5
1836-07,209.3
1836-08,221
1836-09,228.2
1836-10,230.4
1836-11,230.1
1836-12,232.4
1837-01,237.9
1837-02,243
1837-03,244.9
1837-04,244
1837-05,242.1
1837-06,235.8
1837-07,227.5
1837-08,218.2
1837-09,212.3
1837-10,211.9
1837-11,212.9
1837-12,210.3
1838-01,202.1
1838-02,194.5
1838-03,189.1
1838-04,185.3
1838-05,180.9
1838-06,175.4
1838-07,169.2
1838-08,167.7
1838-09,164.6
1838-10,155.7
1838-11,145.4
1838-12,136.8
1839-01,132.4
1839-02,134.4
1839-03,142.1
1839-04,146.2
1839-05,145.6
1839-06,143.9
1839-07,141.1
1839-08,138.4
1839-09,136.7
1839-10,136.3
1839-11,137.6
1839-12,138.3
1840-01,136.2
1840-02,129.4
1840-03,120.2
1840-04,113.6
1840-05,110.1
1840-06,108.4
1840-07,103.8
1840-08,95.8
1840-09,89.1
1840-10,84.7
1840-11,82.8
1840-12,83.2
1841-01,81.6
1841-02,78.2
1841-03,74.4
1841-04,69.9
1841-05,65.7
1841-06,62.2
1841-07,61
1841-08,60.2
1841-09,59
1841-10,57.6
1841-11,53.7
1841-12,48.3
1842-01,44.6
1842-02,42.4
1842-03,40.3
1842-04,39.7
1842-05,41.8
1842-06,41.8
1842-07,39.8
1842-08,38
1842-09,35.8
1842-10,33.7
1842-11,32.2
1842-12,31.3
1843-01,30.4
1843-02,29.1
1843-03,27.1
1843-04,23.8
1843-05,20.1
1843-06,18.2
1843-07,17.6
1843-08,18.1
1843-09,19.3
1843-10,20.4
1843-11,20.5
1843-12,19.4
1844-01,19.7
1844-02,21.4
1844-03,22.4
1844-04,23.7
1844-05,24.3
1844-06,24.3
1844-07,26
1844-08,29.2
1844-09,33.3
1844-10,37.9
1844-11,42.9
1844-12,47.3
1845-01,49.9
1845-02,51.1
1845-03,53.3
1845-04,56.2
1845-05,59.5
1845-06,64.1
1845-07,67.7
1845-08,69.1
1845-09,71
1845-10,73.3
1845-11,75
1845-12,78.2
1846-01,81.7
1846-02,84.4
1846-03,91.3
1846-04,97.8
1846-05,100.3
1846-06,102.1
1846-07,104.2
1846-08,105.4
1846-09,106.5
1846-10,106.3
1846-11,105.7
1846-12,108.2
1847-01,110
1847-02,116.4
1847-03,126.1
1847-04,138.4
1847-05,152.5
1847-06,161
1847-07,170.8
1847-08,182.1
1847-09,188.4
1847-10,194.3
1847-11,200.5
1847-12,205.4
1848-01,214.5
1848-02,219.9
1848-03,215.2
1848-04,207.6
1848-05,202.6
1848-06,204.4
1848-07,209.2
1848-08,213.3
1848-09,216
1848-10,216.7
1848-11,216.7
1848-12,213.4
1849-01,207.4
1849-02,200.1
1849-03,196.7
1849-04,193.6
1849-05,189.9
1849-06,186.4
1849-07,176.8
1849-08,167.2
1849-09,162.7
1849-10,157
1849-11,150.9
1849-12,148.5
1850-01,144.6
1850-02,141
1850-03,139.9
1850-04,139.3
1850-05,135.7
1850-06,129.4
1850-07,126.3
1850-08,127.4
1850-09,127.3
1850-10,126.8
1850-11,127.9
1850-12,127.4
1851-01,126.6
1851-02,126.1
1851-03,124.3
1851-04,122.2
1851-05,121.2
1851-06,121.7
1851-07,121.9
1851-08,118.3
1851-09,114.9
1851-10,115.4
1851-11,115.5
1851-12,113.6
1852-01,112.8
1852-02,111.8
1852-03,108
1852-04,106
1852-05,106.6
1852-06,104.8
1852-07,100.6
1852-08,96.6
1852-09,92.9
1852-10,89.6
1852-11,86.6
1852-12,84.5
1853-01,84.2
1853-02,85.4
1853-03,85.9
1853-04,83.6
1853-05,79.6
1853-06,75.9
1853-07,72.1
1853-08,68.3
1853-09,65.1
1853-10,62.1
1853-11,59.6
1853-12,57.3
1854-01,53.6
1854-02,48.7
1854-03,45.1
1854-04,41.9
1854-05,39.5
1854-06,39.3
1854-07,38.9
1854-08,38
1854-09,37
1854-10,35
1854-11,32.1
1854-12,29.6
1855-01,26.9
1855-02,24.5
1855-03,21.7
1855-04,19.7
1855-05,17.5
1855-06,14.2
1855-07,11.8
1855-08,10.3
1855-09,8.5
1855-10,7.3
1855-11,6.7
1855-12,6
1856-01,6.3
1856-02,6.9
1856-03,7.5
1856-04,7.4
1856-05,7.3
1856-06,7.9
1856-07,9.3
1856-08,10.5
1856-09,11.1
1856-10,11.8
1856-11,14.5
1856-12,17.6
1857-01,19.8
1857-02,22.1
1857-03,26
1857-04,31.8
1857-05,36.6
1857-06,40.8
1857-07,45.2
1857-08,49.4
1857-09,55.7
1857-10,62
1857-11,65.1
1857-12,68.4
1858-01,73.4
1858-02,79.1
1858-03,85.2
1858-04,92.2
1858-05,97.8
1858-06,101.8
1858-07,107.6
1858-08,115.3
1858-09,122.1
1858-10,128.5
1858-11,136.1
1858-12,143.4
1859-01,149.8
1859-02,157
1859-03,163.1
1859-04,167
1859-05,172.4
1859-06,177.1
1859-07,178.1
1859-08,178.1
1859-09,178.8
1859-10,178.4
1859-11,178.5
1859-12,181.5
1860-01,185
1860-02,186.2
1860-03,184.6
1860-04,181.5
1860-05,179.7
1860-06,180.9
1860-07,180.4
1860-08,178
1860-09,177.3
1860-10,179.6
1860-11,177.8
1860-12,172.2
1861-01,167.5
1861-02,163
1861-03,160.6
1861-04,157.9
1861-05,152.6
1861-06,147.8
1861-07,146.7
1861-08,145.7
1861-09,140.1
1861-10,132
1861-11,129.1
1861-12,129.4
1862-01,128.7
1862-02,126.7
1862-03,124.1
1862-04,121
1862-05,118.8
1862-06,115.4
1862-07,111.1
1862-08,109.3
1862-09,110.5
1862-10,111.3
1862-11,109.4
1862-12,105.1
1863-01,98.5
1863-02,94.1
1863-03,89.4
1863-04,85.7
1863-05,84.5
1863-06,83.5
1863-07,84.3
1863-08,84.3
1863-09,83.5
1863-10,83.1
1863-11,81.7
1863-12,82
1864-01,85.1
1864-02,87.4
1864-03,88.5
1864-04,88.5
1864-05,89.6
1864-06,90.2
1864-07,88.5
1864-08,87.1
1864-09,84.4
1864-10,81.8
1864-11,80.8
1864-12,78.4
1865-01,74.3
1865-02,70.7
1865-03,68.8
1865-04,66.9
1865-05,63
1865-06,59.1
1865-07,56.5
1865-08,55.1
1865-09,53.8
1865-10,51.7
1865-11,49.1
1865-12,46
1866-01,43.3
1866-02,39.9
1866-03,36.8
1866-04,35.4
1866-05,34
1866-06,31.9
1866-07,28.5
1866-08,23
1866-09,18.8
1866-10,16.6
1866-11,14.8
1866-12,12.8
1867-01,11.3
1867-02,10.3
1867-03,9.9
1867-04,10
1867-05,10
1867-06,11.9
1867-07,14.9
1867-08,17
1867-09,19.1
1867-10,22.4
1867-11,26.2
1867-12,29.8
1868-01,33.5
1868-02,37.1
1868-03,41.6
1868-04,47.3
1868-05,53.9
1868-06,60
1868-07,65.8
1868-08,72.1
1868-09,77
1868-10,79.1
1868-11,84.8
1868-12,95.5
1869-01,103
1869-02,108.2
1869-03,113.7
1869-04,115.9
1869-05,117
1869-06,120.9
1869-07,124.6
1869-08,129.5
1869-09,140.7
1869-10,156.2
1869-11,169.5
1869-12,176.4
1870-01,183.4
1870-02,193.6
1870-03,202.6
1870-04,212.5
1870-05,223.4
1870-06,230
1870-07,232.5
1870-08,234
1870-09,233.7
1870-10,232.9
1870-11,231
1870-12,225.8
1871-01,220.7
1871-02,215.6
1871-03,208.7
1871-04,200.8
1871-05,193.9
1871-06,188.2
1871-07,184.9
1871-08,183.9
1871-09,179.7
1871-10,171.8
1871-11,164.9
1871-12,163.6
1872-01,165
1872-02,164
1872-03,165.2
1872-04,168.5
1872-05,169.9
1872-06,169.9
1872-07,170
1872-08,169.6
1872-09,169.3
1872-10,168.2
1872-11,162.3
1872-12,153.6
1873-01,146.4
1873-02,142
1873-03,135.6
1873-04,127.1
1873-05,119.3
1873-06,112.9
1873-07,108.7
1873-08,103.9
1873-09,97.4
1873-10,90.7
1873-11,87.4
1873-12,86.7
1874-01,86.3
1874-02,85.9
1874-03,84.1
1874-04,81.9
1874-05,79.2
1874-06,75.9
1874-07,71.3
1874-08,65.2
1874-09,61.3
1874-10,60.2
1874-11,57.7
1874-12,54.4
1875-01,49.6
1875-02,42.5
1875-03,37.5
1875-04,34.2
1875-05,31.9
1875-06,29.8
1875-07,28.4
1875-08,27.9
1875-09,27.3
1875-10,25.2
1875-11,22.9
1875-12,20.9
1876-01,19.5
1876-02,19.3
1876-03,19.4
1876-04,20.1
1876-05,19.6
1876-06,19
1876-07,19.5
1876-08,19.8
1876-09,18.1
1876-10,17.7
1876-11,19.8
1876-12,21.8
1877-01,22
1877-02,21.2
1877-03,21.5
1877-04,21.4
1877-05,21.2
1877-06,21.1
1877-07,19.2
1877-08,17.6
1877-09,17.2
1877-10,15.8
1877-11,13.6
1877-12,12
1878-01,11
1878-02,10.2
1878-03,8.9
1878-04,7.8
1878-05,6.7
1878-06,5.9
1878-07,5.6
1878-08,5
1878-09,4
1878-10,3.9
1878-11,4.1
1878-12,3.7
1879-01,4.1
1879-02,5.4
1879-03,6.2
1879-04,7
1879-05,8.4
1879-06,9.5
1879-07,11.6
1879-08,15.1
1879-09,18.3
1879-10,20.5
1879-11,22.9
1879-12,26.4
1880-01,29.4
1880-02,33
1880-03,39.8
1880-04,46.1
1880-05,49.4
1880-06,52.2
1880-07,54.6
1880-08,57.3
1880-09,61.3
1880-10,65.8
1880-11,69.4
1880-12,72.6
1881-01,78.3
1881-02,82.8
1881-03,82.6
1881-04,83.2
1881-05,86.4
1881-06,89.3
1881-07,91.1
1881-08,92.8
1881-09,95.1
1881-10,99.2
1881-11,103.7
1881-12,104.1
1882-01,100.8
1882-02,97.4
1882-03,96.5
1882-04,96.4
1882-05,98.1
1882-06,99.8
1882-07,100.5
1882-08,100
1882-09,96.7
1882-10,94.1
1882-11,90.9
1882-12,90.8
1883-01,95.4
1883-02,98.2
1883-03,98.2
1883-04,99.6
1883-05,101.3
1883-06,103.7
1883-07,108.2
1883-08,113.1
1883-09,119
1883-10,121.7
1883-11,123.7
1883-12,124.4
1884-01,120.8
1884-02,119.5
1884-03,120.9
1884-04,119
1884-05,113.2
1884-06,107.8
1884-07,102.5
1884-08,98
1884-09,94.4
1884-10,90.3
1884-11,89.3
1884-12,92
1885-01,95.1
1885-02,95.7
1885-03,93.7
1885-04,91.6
1885-05,90.5
1885-06,88.4
1885-07,85.7
1885-08,81.6
1885-09,79
1885-10,78.7
1885-11,75
1885-12,68.2
1886-01,61.7
1886-02,56.9
1886-03,53.3
1886-04,50
1886-05,45.7
1886-06,43
1886-07,41
1886-08,38.8
1886-09,34.2
1886-10,28
1886-11,24.7
1886-12,23.1
1887-01,21.9
1887-02,21.7
1887-03,21
1887-04,19.9
1887-05,20.2
1887-06,21.2
1887-07,21.9
1887-08,21.7
1887-09,21.5
1887-10,21.6
1887-11,20.6
1887-12,19.1
1888-01,17.1
1888-02,14.4
1888-03,13.2
1888-04,13
1888-05,12.9
1888-06,12.2
1888-07,10.4
1888-08,9.7
1888-09,9.7
1888-10,9.5
1888-11,9.2
1888-12,8.8
1889-01,9.2
1889-02,10.9
1889-03,12
1889-04,11.8
1889-05,11.1
1889-06,10.4
1889-07,10.7
1889-08,10.5
1889-09,9.8
1889-10,9.5
1889-11,9.5
1889-12,9.3
1890-01,9.1
1890-02,8.4
1890-03,8.3
1890-04,9.7
1890-05,10.9
1890-06,11.7
1890-07,12.3
1890-08,14.4
1890-09,16.2
1890-10,17.9
1890-11,21.7
1890-12,27.5
1891-01,34.1
1891-02,39
1891-03,43.3
1891-04,48.7
1891-05,53.7
1891-06,57.7
1891-07,63.2
1891-08,70.8
1891-09,77.3
1891-10,83.5
1891-11,89.5
1891-12,94.2
1892-01,97.4
1892-02,103.3
1892-03,108.7
1892-04,110.6
1892-05,113.6
1892-06,118.4
1892-07,122
1892-08,122.2
1892-09,123.1
1892-10,125.5
1892-11,127.2
1892-12,128.5
1893-01,130.2
1893-02,133
1893-03,136
1893-04,137.7
1893-05,139
1893-06,140.8
1893-07,142.4
1893-08,143.8
1893-09,143.6
1893-10,142.3
1893-11,142.9
1893-12,144.7
1894-01,146.5
1894-02,143.7
1894-03,138.7
1894-04,137.6
1894-05,136
1894-06,132.4
1894-07,128.6
1894-08,126
1894-09,125.4
1894-10,125.7
1894-11,123
1894-12,118.8
1895-01,112.8
1895-02,108.7
1895-03,108
1895-04,106.9
1895-05,105.8
1895-06,105.9
1895-07,104.2
1895-08,101.2
1895-09,99.9
1895-10,96.9
1895-11,91.9
1895-12,87.5
1896-01,85.8
1896-02,82.7
1896-03,80.1
1896-04,77.6
1896-05,74.2
1896-06,71.7
1896-07,70.5
1896-08,69.4
1896-09,65.8
1896-10,63.4
1896-11,62
1896-12,58.8
1897-01,55
1897-02,53.4
1897-03,52.1
1897-04,50.2
1897-05,47.1
1897-06,44.4
1897-07,43.1
1897-08,42.8
1897-09,44
1897-10,43.5
1897-11,42.7
1897-12,43.9
1898-01,43.3
1898-02,42.7
1898-03,42.4
1898-04,42.9
1898-05,45.8
1898-06,46
1898-07,43.8
1898-08,41.2
1898-09,37.9
1898-10,36.4
1898-11,35.2
1898-12,33.8
1899-01,34
1899-02,32.3
1899-03,28.5
1899-04,25.2
1899-05,22.1
1899-06,20.3
1899-07,19.5
1899-08,19.1
1899-09,18.8
1899-10,18.2
1899-11,18.9
1899-12,18.8
Jan-00,17.9
Feb-00,17.6
Mar-00,17.7
Apr-00,17.7
May-00,17.5
Jun-00,16.5
Jul-00,15.2
Aug-00,13.7
Sep-00,12.7
Oct-00,11.3
Nov-00,9.8
Dec-00,9
1-Jan,8.1
1-Feb,7.3
1-Mar,6.5
1-Apr,5.4
1-May,4.7
1-Jun,4.6
1-Jul,5
1-Aug,5.2
1-Sep,5.5
1-Oct,6.1
1-Nov,5.6
1-Dec,4.8
2-Jan,4.5
2-Feb,4.6
2-Mar,5.2
2-Apr,6.5
2-May,7.8
2-Jun,8.4
2-Jul,8.6
2-Aug,10
2-Sep,11.3
2-Oct,13.1
2-Nov,15.8
2-Dec,17.6
3-Jan,20.5
3-Feb,24.2
3-Mar,26.3
3-Apr,28.1
3-May,32.1
3-Jun,37.6
3-Jul,42.3
3-Aug,44.4
3-Sep,46.6
3-Oct,49.4
3-Nov,52.3
3-Dec,55.8
4-Jan,59.1
4-Feb,62.7
4-Mar,66.1
4-Apr,68.5
4-May,69.1
4-Jun,69.3
4-Jul,71.5
4-Aug,77.4
4-Sep,83
4-Oct,84.1
4-Nov,84.4
4-Dec,85.5
5-Jan,87.6
5-Feb,89.1
5-Mar,90.9
5-Apr,94.4
5-May,100.9
5-Jun,105.7
5-Jul,105.1
5-Aug,100.7
5-Sep,97.5
5-Oct,99.1
5-Nov,100.9
5-Dec,102.6
6-Jan,105.7
6-Feb,107.1
6-Mar,106.4
6-Apr,102.2
6-May,93.2
6-Jun,89.1
6-Jul,91.9
6-Aug,99.4
6-Sep,104.5
6-Oct,104
6-Nov,102.8
6-Dec,100.2
7-Jan,94.9
7-Feb,91.6
7-Mar,94
7-Apr,99.4
7-May,104.2
7-Jun,104.6
7-Jul,100.8
7-Aug,93.1
7-Sep,85.7
7-Oct,83.8
7-Nov,84
7-Dec,84.4
8-Jan,84.3
8-Feb,86.1
8-Mar,88.7
8-Apr,86.6
8-May,83.1
8-Jun,81.5
8-Jul,82.2
8-Aug,84.3
8-Sep,87.8
8-Oct,88.6
8-Nov,86.5
8-Dec,84.4
9-Jan,82.4
9-Feb,77.4
9-Mar,69.4
9-Apr,67.9
9-May,70.4
9-Jun,72.1
9-Jul,71
9-Aug,67.9
9-Sep,63.7
9-Oct,58.9
9-Nov,56.3
9-Dec,54.6
10-Jan,52.4
10-Feb,50.1
10-Mar,48.4
10-Apr,46.2
10-May,41.2
10-Jun,34.4
10-Jul,29.4
10-Aug,26.2
10-Sep,23.7
10-Oct,23.3
10-Nov,23
10-Dec,21.4
11-Jan,20
11-Feb,18.7
11-Mar,16.6
11-Apr,12.6
11-May,10.1
11-Jun,9.8
11-Jul,9.3
11-Aug,8.5
11-Sep,7.7
11-Oct,6.6
11-Nov,5.5
11-Dec,5.3
12-Jan,5.4
12-Feb,5.1
12-Mar,5.2
12-Apr,5.7
12-May,5.6
12-Jun,5.7
12-Jul,6.1
12-Aug,6.5
12-Sep,6.4
12-Oct,5.8
12-Nov,5.2
12-Dec,4.7
13-Jan,4.3
13-Feb,4.2
13-Mar,3.6
13-Apr,2.9
13-May,2.8
13-Jun,2.6
13-Jul,2.5
13-Aug,2.5
13-Sep,2.6
13-Oct,4
13-Nov,5.5
13-Dec,6.6
14-Jan,7.7
14-Feb,8.5
14-Mar,9.8
14-Apr,10.9
14-May,12.4
14-Jun,14.8
14-Jul,17.5
14-Aug,21.6
14-Sep,26.8
14-Oct,31
14-Nov,34.6
14-Dec,40.5
15-Jan,49.1
15-Feb,58
15-Mar,64.8
15-Apr,70.5
15-May,75.5
15-Jun,78.1
15-Jul,80.5
15-Aug,83
15-Sep,85.8
15-Oct,89.9
15-Nov,94.9
15-Dec,97.7
16-Jan,96.4
16-Feb,92.7
16-Mar,90
16-Apr,89.5
16-May,91
16-Jun,93.9
16-Jul,97.2
16-Aug,100.4
16-Sep,103.4
16-Oct,105.6
16-Nov,108.5
16-Dec,114.6
17-Jan,122.4
17-Feb,135.3
17-Mar,149.5
17-Apr,156.8
17-May,160.4
17-Jun,167.9
17-Jul,174.7
17-Aug,175.7
17-Sep,173.6
17-Oct,172.5
17-Nov,170.3
17-Dec,163.8
18-Jan,159.1
18-Feb,154.6
18-Mar,147.5
18-Apr,145
18-May,145
18-Jun,139.2
18-Jul,131
18-Aug,128.6
18-Sep,129.2
18-Oct,126.9
18-Nov,125.7
18-Dec,130
19-Jan,130.6
19-Feb,125.4
19-Mar,121.4
19-Apr,117.4
19-May,112.3
19-Jun,107.7
19-Jul,106.2
19-Aug,104.6
19-Sep,103.1
19-Oct,100.8
19-Nov,94.4
19-Dec,85.6
20-Jan,78
20-Feb,71.9
20-Mar,67.2
20-Apr,65.7
20-May,64.4
20-Jun,63.1
20-Jul,61.3
20-Aug,58.2
20-Sep,53.4
20-Oct,51.6
20-Nov,52.1
20-Dec,51
21-Jan,51.6
21-Feb,52.9
21-Mar,51.8
21-Apr,48.3
21-May,45.5
21-Jun,44.2
21-Jul,42.2
21-Aug,40.7
21-Sep,42.5
21-Oct,42.9
21-Nov,40.5
21-Dec,37.6
22-Jan,33.5
22-Feb,30.2
22-Mar,28.2
22-Apr,26.4
22-May,24.9
22-Jun,24
22-Jul,23.2
22-Aug,21
22-Sep,15.7
22-Oct,11.8
22-Nov,11.1
22-Dec,11
23-Jan,10.7
23-Feb,9.8
23-Mar,10
23-Apr,10.9
23-May,11.5
23-Jun,10.7
23-Jul,9.4
23-Aug,9.4
23-Sep,9.5
23-Oct,9.8
23-Nov,11.3
23-Dec,13.6
24-Jan,16.3
24-Feb,19.3
24-Mar,21.5
24-Apr,23.3
24-May,25.1
24-Jun,26.9
24-Jul,28.2
24-Aug,29.8
24-Sep,32.2
24-Oct,34.7
24-Nov,37.7
24-Dec,40.8
25-Jan,43.2
25-Feb,45.2
25-Mar,48.9
25-Apr,54.4
25-May,59.9
25-Jun,68.2
25-Jul,78.5
25-Aug,86.3
25-Sep,92.6
25-Oct,96.2
25-Nov,98.2
25-Dec,101.4
26-Jan,104.2
26-Feb,106.8
26-Mar,108.5
26-Apr,108.7
26-May,109
26-Jun,107.8
26-Jul,107.2
26-Aug,109.4
26-Sep,111.6
26-Oct,115.9
26-Nov,120.7
26-Dec,120.8
27-Jan,120
27-Feb,119.6
27-Mar,119.6
27-Apr,119.5
27-May,119.4
27-Jun,117.5
27-Jul,115.2
27-Aug,114
27-Sep,113.7
27-Oct,113.9
27-Nov,112.9
27-Dec,115
28-Jan,120.2
28-Feb,125.3
28-Mar,128.9
28-Apr,130.2
28-May,128.9
28-Jun,128.7
28-Jul,128.7
28-Aug,126.9
28-Sep,123.7
28-Oct,119.4
28-Nov,116.1
28-Dec,113.5
29-Jan,110.2
29-Feb,107
29-Mar,101.9
29-Apr,97.5
29-May,99.2
29-Jun,104.7
29-Jul,107.9
29-Aug,106.7
29-Sep,104.7
29-Oct,102.7
29-Nov,100.2
29-Dec,95.7
30-Jan,89.3
Feb-30,83.2
30-Mar,80.2
30-Apr,78.6
30-May,74.1
30-Jun,65.2
30-Jul,56
30-Aug,52
30-Sep,51.2
30-Oct,50.4
30-Nov,49
30-Dec,47.2
31-Jan,46
Feb-31,44.9
31-Mar,43.1
Apr-31,40.5
31-May,37.7
Jun-31,35.9
31-Jul,35.2
31-Aug,32.8
Sep-31,29.2
31-Oct,26.5
Nov-31,24.6
31-Dec,24.7
Jan-32,24.6
Feb-32,23.6
Mar-32,22.1
Apr-32,21
May-32,20.2
Jun-32,19
Jul-32,18.6
Aug-32,19.4
Sep-32,20.1
Oct-32,19.5
Nov-32,17.9
Dec-32,15.7
Jan-33,14
Feb-33,13.1
Mar-33,12.7
Apr-33,12.4
May-33,11.5
Jun-33,10.2
Jul-33,8.8
Aug-33,7.2
Sep-33,5.8
Oct-33,6
Nov-33,7.7
Dec-33,9
Jan-34,9.5
Feb-34,10.5
Mar-34,11
Apr-34,11.1
May-34,11.9
Jun-34,13.5
Jul-34,15.6
Aug-34,17.5
Sep-34,19.7
Oct-34,21.1
Nov-34,21.7
Dec-34,24.9
Jan-35,29.3
Feb-35,32.6
Mar-35,36.7
Apr-35,42.7
May-35,49.8
Jun-35,56.9
Jul-35,63.1
Aug-35,69.9
Sep-35,77.4
Oct-35,85.5
Nov-35,91.8
Dec-35,95.3
Jan-36,98.3
Feb-36,103.5
Mar-36,109.8
Apr-36,114.7
May-36,120.7
Jun-36,128.6
Jul-36,137.7
Aug-36,146.3
Sep-36,150.5
Oct-36,153.4
Nov-36,160.1
Dec-36,168.6
Jan-37,179.2
Feb-37,189.2
Mar-37,194.4
Apr-37,198.6
May-37,198.3
Jun-37,193
Jul-37,188.3
Aug-37,185.2
Sep-37,184.8
Oct-37,184.4
Nov-37,184.6
Dec-37,183
Jan-38,182.2
Feb-38,182.1
Mar-38,179.8
Apr-38,177.2
May-38,178.7
Jun-38,182.3
Jul-38,181.4
Aug-38,177.2
Sep-38,172.8
Oct-38,171.8
Nov-38,171.8
Dec-38,171.4
Jan-39,166.9
Feb-39,161.5
Mar-39,162.4
Apr-39,163.3
May-39,158.8
Jun-39,151.5
Jul-39,145.9
Aug-39,142.6
Sep-39,142.6
Oct-39,140.6
Nov-39,132.7
Dec-39,127.1
Jan-40,123.8
Feb-40,121.7
Mar-40,118.5
Apr-40,113
May-40,110
Jun-40,111.1
Jul-40,112.6
Aug-40,111.3
Sep-40,107.7
Oct-40,103.2
Nov-40,99.5
Dec-40,96.1
Jan-41,94.4
Feb-41,91.2
Mar-41,88
Apr-41,87.3
May-41,85.3
Jun-41,81.6
Jul-41,78.5
Aug-41,78.3
Sep-41,79.4
Oct-41,81.9
Nov-41,83.6
Dec-41,79.9
Jan-42,73.1
Feb-42,67
Mar-42,60.8
Apr-42,55.5
May-42,53.1
Jun-42,51.8
Jul-42,49.4
Aug-42,46.2
Sep-42,42.6
Oct-42,38.4
Nov-42,35.2
Dec-42,34.2
Jan-43,33.6
Feb-43,33.2
Mar-43,32.7
Apr-43,31.4
May-43,29.2
Jun-43,27.5
Jul-43,26.6
Aug-43,24
Sep-43,20.9
Oct-43,18
Nov-43,15.4
Dec-43,14.4
Jan-44,13.6
Feb-44,12.9
Mar-44,13
Apr-44,13.9
May-44,14.6
Jun-44,15.3
Jul-44,17
Aug-44,18.9
Sep-44,20.4
Oct-44,23.4
Nov-44,27.5
Dec-44,31.7
Jan-45,36.4
Feb-45,39.7
Mar-45,41.7
Apr-45,46.8
May-45,52.8
Jun-45,55.2
Jul-45,57.1
Aug-45,64.3
Sep-45,73.2
Oct-45,80.1
Nov-45,86.9
Dec-45,93.2
Jan-46,101
Feb-46,111.7
Mar-46,121.5
Apr-46,128
May-46,135.7
Jun-46,147.7
Jul-46,157.7
Aug-46,163.1
Sep-46,167.3
Oct-46,173.3
Nov-46,182.8
Dec-46,193.4
Jan-47,199.2
Feb-47,204.1
Mar-47,211.2
Apr-47,217.2
May-47,218.7
Jun-47,216.1
Jul-47,214.1
Aug-47,210.9
Sep-47,206
Oct-47,206.3
Nov-47,207.1
Dec-47,205.7
Jan-48,205
Feb-48,202.3
Mar-48,198.9
Apr-48,195.7
May-48,192.2
Jun-48,191.6
Jul-48,193.5
Aug-48,199.8
Sep-48,209.1
Oct-48,210.3
Nov-48,203.8
Dec-48,197.1
Jan-49,193.4
Feb-49,190.4
Mar-49,188.5
Apr-49,188.4
May-49,190.9
Jun-49,192.5
Jul-49,190.3
Aug-49,184.1
Sep-49,176.1
Oct-49,171.4
Nov-49,169.4
Dec-49,167.1
Jan-50,162.8
Feb-50,158.5
Mar-50,150.7
Apr-50,141
May-50,131.6
Jun-50,122.6
Jul-50,116.4
Aug-50,111.9
Sep-50,106.7
Oct-50,102.3
Nov-50,101.2
Dec-50,102.4
Jan-51,101.6
Feb-51,98.5
Mar-51,98.9
Apr-51,100.2
May-51,99.5
Jun-51,98.9
Jul-51,97.3
Aug-51,94
Sep-51,89.8
Oct-51,84
Nov-51,75.3
Dec-51,66.5
Jan-52,61.5
Feb-52,59.8
Mar-52,56.2
Apr-52,51.4
May-52,48
Jun-52,45.5
Jul-52,44
Aug-52,42.1
Sep-52,40.3
Oct-52,39.5
Nov-52,38.8
Dec-52,37.3
Jan-53,34.6
Feb-53,31
Mar-53,28.6
Apr-53,27.2
May-53,25
Jun-53,22
Jul-53,18.5
Aug-53,16.7
Sep-53,16.6
Oct-53,15.1
Nov-53,12.8
Dec-53,10.8
Jan-54,9.3
Feb-54,8.2
Mar-54,6.3
Apr-54,5.1
May-54,5.5
Jun-54,6.3
Jul-54,7.9
Aug-54,10.5
Sep-54,11.4
Oct-54,11.6
Nov-54,13.8
Dec-54,17.4
Jan-55,20.5
Feb-55,23.7
Mar-55,28
Apr-55,33.5
May-55,41.2
Jun-55,50
Jul-55,57
Aug-55,66
Sep-55,78.8
Oct-55,91.3
Nov-55,103.5
Dec-55,114.8
Jan-56,125.8
Feb-56,139.4
Mar-56,154.7
Apr-56,168.1
May-56,180.4
Jun-56,193.9
Jul-56,206.1
Aug-56,211.8
Sep-56,214.5
Oct-56,220.6
Nov-56,226
Dec-56,232.7
Jan-57,241.1
Feb-57,243.8
Mar-57,246.8
Apr-57,256.3
May-57,262.7
Jun-57,266.1
Jul-57,271.1
Aug-57,275.3
Sep-57,279.3
Oct-57,282.5
Nov-57,284.4
Dec-57,283.3
Jan-58,281.8
Feb-58,284.5
Mar-58,285
Apr-58,278.7
May-58,271
Jun-58,264.5
Jul-58,262.3
Aug-58,261.9
Sep-58,260.3
Oct-58,258.1
Nov-58,255.9
Dec-58,255.6
Jan-59,252.9
Feb-59,250.4
Mar-59,247.1
Apr-59,239.7
May-59,233.9
Jun-59,228.5
Jul-59,220.6
Aug-59,214.2
Sep-59,207.1
Oct-59,199.7
Nov-59,194.2
Dec-59,187.6
Jan-60,182.5
Feb-60,177
Mar-60,172.1
Apr-60,169.4
May-60,165.7
Jun-60,161.3
Jul-60,153.8
Aug-60,145
Sep-60,138.6
Oct-60,132.1
Nov-60,124.5
Dec-60,118.5
Jan-61,113.6
Feb-61,105.9
Mar-61,97.5
Apr-61,91.1
May-61,85.1
Jun-61,79.1
Jul-61,75.3
Aug-61,74.4
Sep-61,74.3
Oct-61,73
Nov-61,71.7
Dec-61,69.1
Jan-62,64.2
Feb-62,59.4
Mar-62,56.7
Apr-62,56.1
May-62,55.9
Jun-62,54.6
Jul-62,52.5
Aug-62,49.8
Sep-62,46.7
Oct-62,44
Nov-62,42.9
Dec-62,42.6
Jan-63,42.1
Feb-63,42.6
Mar-63,42.6
Apr-63,41.6
May-63,41.1
Jun-63,40.4
Jul-63,39.7
Aug-63,39
Sep-63,38.6
Oct-63,37.4
Nov-63,34.2
Dec-63,30.7
Jan-64,28.1
Feb-64,25.7
Mar-64,22.3
Apr-64,18.6
May-64,16
Jun-64,15
Jul-64,15.2
Aug-64,15.1
Sep-64,14.6
Oct-64,14.3
Nov-64,15
Dec-64,16.2
Jan-65,17.2
Feb-65,17.7
Mar-65,18.4
Apr-65,19.9
May-65,21.2
Jun-65,21.8
Jul-65,22.6
Aug-65,23.8
Sep-65,25.2
Oct-65,28.4
Nov-65,32.1
Dec-65,35.2
Jan-66,39.7
Feb-66,44.8
Mar-66,49.2
Apr-66,53.3
May-66,57.9
Jun-66,63.4
Jul-66,71.4
Aug-66,80.3
Sep-66,89.5
Oct-66,95.8
Nov-66,99.4
Dec-66,103
Jan-67,106.2
Feb-67,111.6
Mar-67,116.5
Apr-67,119.8
May-67,123.9
Jun-67,129.4
Jul-67,133.3
Aug-67,135
Sep-67,134.9
Oct-67,134.5
Nov-67,137.6
Dec-67,142.5
Jan-68,145.3
Feb-68,145.7
Mar-68,148.2
Apr-68,151.8
May-68,152.4
Jun-68,150.9
Jul-68,148.9
Aug-68,148.4
Sep-68,151.5
Oct-68,155.5
Nov-68,156.6
Dec-68,156
Jan-69,155.7
Feb-69,155.1
Mar-69,152.9
Apr-69,150.7
May-69,150.4
Jun-69,150.1
Jul-69,149.9
Aug-69,150.7
Sep-69,149.2
Oct-69,147.4
Nov-69,148
Dec-69,148.5
Jan-70,149.5
Feb-70,150.1
Mar-70,150.3
Apr-70,150.3
May-70,149.8
Jun-70,149.1
Jul-70,147
Aug-70,143
Sep-70,137.6
Oct-70,132.9
Nov-70,126.5
Dec-70,119
Jan-71,113.8
Feb-71,110.1
Mar-71,105.3
Apr-71,100.4
May-71,96.5
Jun-71,94.5
Jul-71,92.7
Aug-71,91.5
Sep-71,93.2
Oct-71,93.8
Nov-71,94.7
Dec-71,98.3
Jan-72,100.3
Feb-72,100.9
Mar-72,102.6
Apr-72,104
May-72,103.3
Jun-72,99.9
Jul-72,96.6
Aug-72,92.9
Sep-72,88.2
Oct-72,85.9
Nov-72,83.3
Dec-72,78.2
Jan-73,72.3
Feb-73,66.1
Mar-73,62.8
Apr-73,60.8
May-73,57.9
Jun-73,55.6
Jul-73,53.4
Aug-73,51.4
Sep-73,49
Oct-73,46.6
Nov-73,45.4
Dec-73,45
Jan-74,46.8
Feb-74,49.1
Mar-74,48.5
Apr-74,48.3
May-74,49.4
Jun-74,49.3
Jul-74,48.6
Aug-74,47.3
Sep-74,45.8
Oct-74,43.2
Nov-74,39.3
Dec-74,36.1
Jan-75,33
Feb-75,31.8
Mar-75,30.6
Apr-75,26.8
May-75,24.2
Jun-75,23.2
Jul-75,21.8
Aug-75,20.7
Sep-75,20.9
Oct-75,22.3
Nov-75,23.3
Dec-75,23.6
Jan-76,22.1
Feb-76,19.2
Mar-76,17.8
Apr-76,18.4
May-76,18.3
Jun-76,17.9
Jul-76,18.8
Aug-76,20.5
Sep-76,20.8
Oct-76,19.7
Nov-76,19.7
Dec-76,21.6
Jan-77,24.3
Feb-77,26.3
Mar-77,28.8
Apr-77,31.9
May-77,34.7
Jun-77,37.7
Jul-77,41.4
Aug-77,47.6
Sep-77,55.8
Oct-77,64.8
Nov-77,73.7
Dec-77,80.7
Jan-78,86.9
Feb-78,91.5
Mar-78,98.7
Apr-78,109
May-78,117.8
Jun-78,126.6
Jul-78,138
Aug-78,147.3
Sep-78,153.6
Oct-78,157.3
Nov-78,160.4
Dec-78,166.7
Jan-79,175.2
Feb-79,185.4
Mar-79,193.3
Apr-79,199.9
May-79,208.5
Jun-79,216.7
Jul-79,219.5
Aug-79,220.1
Sep-79,220.4
Oct-79,223.4
Nov-79,229.8
Dec-79,232.9
Jan-80,232
Feb-80,230.2
Mar-80,227.9
Apr-80,224.6
May-80,221.3
Jun-80,219.1
Jul-80,216.1
Aug-80,212
Sep-80,211.5
Oct-80,211.9
Nov-80,209.1
Dec-80,202.8
Jan-81,199.6
Feb-81,202.2
Mar-81,205.4
Apr-81,205.7
May-81,204.1
Jun-81,200.9
Jul-81,198.5
Aug-81,199.9
Sep-81,202.7
Oct-81,201.4
Nov-81,196
Dec-81,194.1
Jan-82,192.7
Feb-82,186.6
Mar-82,180
Apr-82,173.4
May-82,167.5
Jun-82,164
Jul-82,161.5
Aug-82,153.5
Sep-82,141.4
Oct-82,133.3
Nov-82,131.3
Dec-82,130.5
Jan-83,127.9
Feb-83,123.9
Mar-83,117.1
Apr-83,110.5
May-83,104.5
Jun-83,95.9
Jul-83,89.1
Aug-83,88.9
Sep-83,91.7
Oct-83,92
Nov-83,89.7
Dec-83,85.5
Jan-84,80.5
Feb-84,75.8
Mar-84,71.2
Apr-84,66.8
May-84,63.5
Jun-84,61.7
Jul-84,58.3
Aug-84,52.2
Sep-84,44.3
Oct-84,37.2
Nov-84,31.6
Dec-84,27.4
Jan-85,25.2
Feb-85,23.5
Mar-85,21.7
Apr-85,21.3
May-85,21.4
Jun-85,20.8
Jul-85,19.9
Aug-85,19.6
Sep-85,19.8
Oct-85,19.7
Nov-85,19.1
Dec-85,17.3
Jan-86,15.2
Feb-86,14.3
Mar-86,14.3
Apr-86,15.1
May-86,15.8
Jun-86,15.2
Jul-86,15.1
Aug-86,14.4
Sep-86,13.5
Oct-86,14.7
Nov-86,16.6
Dec-86,18.3
Jan-87,19.9
Feb-87,22.3
Mar-87,25.5
Apr-87,28
May-87,30.3
Jun-87,32.7
Jul-87,36.2
Aug-87,40.5
Sep-87,45.3
Oct-87,51
Nov-87,55.1
Dec-87,60.9
Jan-88,69.2
Feb-88,76.9
Mar-88,84.9
Apr-88,93
May-88,101.4
Jun-88,114.3
Jul-88,128.5
Aug-88,141.1
Sep-88,151.2
Oct-88,156.9
Nov-88,164.4
Dec-88,176.1
Jan-89,184.8
Feb-89,190.7
Mar-89,198
Apr-89,203.8
May-89,209.5
Jun-89,212.1
Jul-89,212
Aug-89,211.1
Sep-89,210.5
Oct-89,212.4
Nov-89,212.5
Dec-89,206.2
Jan-90,201.2
Feb-90,202.4
Mar-90,200.9
Apr-90,198.1
May-90,195.1
Jun-90,192
Jul-90,190.1
Aug-90,191.6
Sep-90,194.6
Oct-90,195.2
Nov-90,195.2
Dec-90,197.8
Jan-91,202.8
Feb-91,204.4
Mar-91,203.9
Apr-91,203.8
May-91,202.9
Jun-91,202.8
Jul-91,203.5
Aug-91,203.3
Sep-91,200.9
Oct-91,196.7
Nov-91,191.4
Dec-91,183.1
Jan-92,172.6
Feb-92,161.1
Mar-92,151.8
Apr-92,146
May-92,142.1
Jun-92,137.1
Jul-92,128.5
Aug-92,119.3
Sep-92,113
Oct-92,109
Nov-92,106.3
Dec-92,104.5
Jan-93,101.9
Feb-93,99.3
Mar-93,95.4
Apr-93,90.2
May-93,84.2
Jun-93,78.6
Jul-93,76.5
Aug-93,73.6
Sep-93,68.3
Oct-93,63.2
Nov-93,58.4
Dec-93,55.1
Jan-94,52.6
Feb-94,50.2
Mar-94,49.4
Apr-94,49.6
May-94,48.7
Jun-94,46.4
Jul-94,42.7
Aug-94,40.1
Sep-94,39.7
Oct-94,39.4
Nov-94,38.7
Dec-94,37.6
Jan-95,35.6
Feb-95,33.7
Mar-95,32
Apr-95,29.4
May-95,27.3
Jun-95,25.9
Jul-95,24.4
Aug-95,22
Sep-95,19
Oct-95,17
Nov-95,15.9
Dec-95,15.1
Jan-96,14.5
Feb-96,14.2
Mar-96,13.7
Apr-96,12
May-96,11.2
Jun-96,11.6
Jul-96,11.3
Aug-96,11.2
Sep-96,11.3
Oct-96,12
Nov-96,13.4
Dec-96,14.3
Jan-97,14.5
Feb-97,15.2
Mar-97,18.3
Apr-97,22
May-97,24.4
Jun-97,27.2
Jul-97,30.4
Aug-97,33.6
Sep-97,38.2
Oct-97,43.1
Nov-97,47.1
Dec-97,52
Jan-98,58.4
Feb-98,65.4
Mar-98,72
Apr-98,76.9
May-98,80.8
Jun-98,85.4
Jul-98,89.8
Aug-98,93.5
Sep-98,96.4
Oct-98,98.2
Nov-98,102.3
Dec-98,110.4
Jan-99,118.4
Feb-99,122.5
Mar-99,122.3
Apr-99,125
May-99,132.6
Jun-99,136.3
Jul-99,138.1
Aug-99,142.9
Sep-99,150.5
Oct-99,159.3
Nov-99,164.1
Dec-99,164
Jan-00,166.1
Feb-00,170.6
Mar-00,174.3
Apr-00,175.2
May-00,172.9
Jun-00,172.7
Jul-00,174.2
Aug-00,172.8
Sep-00,168.8
Oct-00,165.3
Nov-00,163.1
Dec-00,162.7
1-Jan,158.3
1-Feb,152.5
1-Mar,155.1
1-Apr,160.7
1-May,163.7
1-Jun,167.4
1-Jul,172
1-Aug,175.8
1-Sep,177.1
1-Oct,177.3
1-Nov,180.3
1-Dec,179.1
2-Jan,177.6
2-Feb,179.7
2-Mar,178.2
2-Apr,174.4
2-May,171.3
2-Jun,166.9
2-Jul,161.5
2-Aug,155.4
2-Sep,149.5
2-Oct,143.9
2-Nov,136
2-Dec,131.4
3-Jan,129.6
3-Feb,125.7
3-Mar,118.7
3-Apr,111.9
3-May,107
3-Jun,101.7
3-Jul,96
3-Aug,92.9
3-Sep,91.8
3-Oct,89.1
3-Nov,86.9
3-Dec,84.1
4-Jan,80.1
4-Feb,76.4
4-Mar,73.2
4-Apr,71
4-May,69.5
4-Jun,67.1
4-Jul,64.8
4-Aug,63
4-Sep,60.2
4-Oct,57.9
4-Nov,56.6
4-Dec,55.7
5-Jan,54.5
5-Feb,53.2
5-Mar,52.3
5-Apr,49.3
5-May,45
5-Jun,44.5
5-Jul,44.6
5-Aug,41.9
5-Sep,39.4
5-Oct,38.9
5-Nov,38.4
5-Dec,36
6-Jan,33
6-Feb,29.7
6-Mar,27.4
6-Apr,27
6-May,27.4
6-Jun,26.2
6-Jul,25
6-Aug,25.9
6-Sep,26
6-Oct,23.7
6-Nov,21.1
6-Dec,20.2
7-Jan,19.8
7-Feb,19
7-Mar,17.7
7-Apr,16.4
7-May,14.4
7-Jun,12.8
7-Jul,11.6
7-Aug,9.9
7-Sep,9.6
7-Oct,9.9
7-Nov,9.2
7-Dec,7.9
8-Jan,6.6
8-Feb,5.6
8-Mar,5.1
8-Apr,5.1
8-May,5.4
8-Jun,4.8
8-Jul,4
8-Aug,3.8
8-Sep,3.2
8-Oct,2.4
8-Nov,2.3
8-Dec,2.2
9-Jan,2.5
9-Feb,2.7
9-Mar,2.9
9-Apr,3.3
9-May,3.5
9-Jun,4.1
9-Jul,5.5
9-Aug,7.4
9-Sep,9.5
9-Oct,10.9
9-Nov,11.7
9-Dec,12.7
10-Jan,14
10-Feb,16.1
10-Mar,18.5
10-Apr,20.8
10-May,23.1
10-Jun,24.6
10-Jul,25.2
10-Aug,26.4
10-Sep,29.5
10-Oct,34.5
10-Nov,39.1
10-Dec,42.5
11-Jan,45.7
11-Feb,48.8
11-Mar,53.8
11-Apr,61.1
11-May,69.3
11-Jun,77.2
11-Jul,83.6
11-Aug,86.3
11-Sep,86.6
11-Oct,87.4
11-Nov,89.4
11-Dec,92.5
12-Jan,95.5
12-Feb,98.1
12-Mar,98.3
12-Apr,95.1
12-May,90.9
12-Jun,86.6
12-Jul,84.5
12-Aug,85.1
12-Sep,85.3
12-Oct,85.8
12-Nov,87.7
12-Dec,88.1
13-Jan,86.8
13-Feb,86.1
13-Mar,84.4
13-Apr,84.3
13-May,87
13-Jun,90.9
13-Jul,94.6
13-Aug,99
13-Sep,104.6
13-Oct,107
13-Nov,106.9
13-Dec,107.6
14-Jan,109.3
14-Feb,110.5
14-Mar,114.3
14-Apr,116.4
14-May,115
14-Jun,114.1
14-Jul,112.6
14-Aug,108.3
14-Sep,101.9
14-Oct,97.3
14-Nov,94.7
14-Dec,92.2
15-Jan,89.3
15-Feb,86.1
15-Mar,82.1
15-Apr,78.9
15-May,76.1
15-Jun,72.1
15-Jul,68.3
15-Aug,66.4
15-Sep,65.9
15-Oct,64.3
15-Nov,61.2
15-Dec,57.8
16-Jan,54.4
16-Feb,52.5
16-Mar,50.4
16-Apr,47.8
16-May,44.8
16-Jun,41.5
16-Jul,38.5
16-Aug,36
16-Sep,33.2
16-Oct,31.5
16-Nov,29.9
16-Dec,28.5
17-Jan,27.8
17-Feb,26.5
17-Mar,25.7
17-Apr,24.8
17-May,23.3
17-Jun,22.2
17-Jul,21
17-Aug,19.6
17-Sep,18.3
17-Oct,16.7
17-Nov,15.4
17-Dec,15.1
18-Jan,14.2
18-Feb,12.6
18-Mar,9.9
18-Apr,7.8
18-May,7.5
18-Jun,7.2
18-Jul,7
18-Aug,6.7
18-Sep,6.5
18-Oct,6.8
18-Nov,6.7
18-Dec,6
19-Jan,5.4
19-Feb,5
19-Mar,4.6
19-Apr,4.3
19-May,3.9
19-Jun,3.7
19-Jul,3.5
19-Aug,3.4
19-Sep,3.1
19-Oct,2.6
19-Nov,2
19-Dec,1.8
20-Jan,2.2
20-Feb,2.7
20-Mar,3
